CustomerId,FirstName,LastName,Company,Address,City,State,Country,PostalCode,Phone,Fax,Email,SupportRepId
3743119,Eric,Dominguez,,319 N. Frances Street,Matthewstad,,Hungary,19486,+55 (11) 3055-3278,+420 2 4172 5555,darrell06@example.org,1376603
11400474,Daniel,Johnston,,8210 111 ST NW,Jadeside,,India,99231,+55 (12) 3923-5555,+55 (11) 3055-8131,davisronald@example.org,1376603
14940305,Mallory,Pace,,Rilská 3174/6,Christopherfort,Wyoming,Italy,89689,+55 (11) 3033-5446,+55 (61) 3363-7855,bradytiffany@example.com,1376603
4189025,Greg,Nelson,Apple Inc.,"3,Raj Bhavan Road",Jillfort,,Brazil,88499,+44 0131 315 3300,+55 (12) 3923-5566,justinphillips@example.net,1376603
5531748,Joshua,Johnson,,Barbarossastraße 19,Bowmantown,Oklahoma,Portugal,32109,+1 (604) 688-2255,,andrew16@example.net,1376603
15497828,Charles,Ramirez,,5112 48 Street,North Elizabeth,Nevada,Portugal,87098,+1 (408) 996-1010,,bbailey@example.com,1376603
6618535,Shawna,Huang,,3 Chatham Street,Port Abigailfurt,,Hungary,44439,+1 (604) 688-2255,,berrycynthia@example.com,1376603
11866230,Rhonda,Wallace,,230 Elgin Street,Joneschester,Kentucky,USA,05473,+1 (204) 452-6452,,jeffreycontreras@example.com,1376603
7462295,Justin,Adams,,5112 48 Street,West Dakota,Washington,USA,41066,+1 (520) 622-4200,,rubiowilliam@example.net,1376603
1868666,Bryan,Gonzales,,Ordynacka 10,North Alyssa,,USA,55140,+1 (613) 234-3322,,kayla41@example.org,1376603
13290253,Richard,Wood,,69 Salem Street,Salazarside,Illinois,USA,11712,+1 (608) 257-0597,,xpatel@example.com,1376603
15079325,Gina,Hale,,"4, Rue Milton",Matthewshire,,France,65512,+55 (21) 2271-7000,,mary74@example.org,6609257
7155223,Teresa,Sharp,,Porthaninkatu 9,New Stephenton,Delaware,United Kingdom,58572,+55 (11) 3055-3278,+55 (11) 3033-4564,jonmalone@example.org,6609257
14472760,Hector,Allen,Embraer - Empresa Brasileira de Aeronáutica S.A.,Ordynacka 10,Lake Williamville,Alabama,France,90795,+1 (425) 882-8080,+420 2 4172 5555,petersonjeffrey@example.net,6609257
4879839,Matthew,George,Apple Inc.,C/ San Bernardo 85,Karaburgh,,Brazil,10535,+91 080 22289999,+55 (12) 3923-5566,zweiss@example.org,6609257
2668209,Justin,Diaz,,627 Broadway,Port Matthew,Nebraska,USA,62260,+1 (204) 452-6452,,lambjason@example.com,6609257
11106852,Kylie,Johnson,,319 N. Frances Street,Mcbridebury,,USA,41295,+1 (212) 221-3546,,fmiranda@example.net,6609257
7890652,Elizabeth,Reyes,,3 Chatham Street,Brittanymouth,Utah,Finland,87535,+55 (21) 2271-7000,,dmendez@example.org,6609257
4235323,Allison,Walton,,"Via Degli Scipioni, 43",East Dustin,New Mexico,Spain,39474,+55 (61) 3363-5547,+55 (11) 3055-8131,kennethgolden@example.org,6609257
13361162,Jeffrey,Hardy,,302 S 700 E,New Kari,,Argentina,95117,+453 3331 9991,+55 (11) 3033-4564,wallerjuan@example.net,8515915
12455195,Sarah,Cooper,,Qe 7 Bloco G,West Deniseview,Maine,Hungary,47133,+1 (604) 688-2255,,barkerdaniel@example.net,8515915
621587,Ethan,Kim,,"Av. Brigadeiro Faria Lima, 2170",Reidchester,Georgia,USA,37287,+1 (520) 622-4200,,katelyngutierrez@example.net,8515915
10641458,Ashlee,Berry,Apple Inc.,Celsiusg. 9,New Emilyborough,North Dakota,Brazil,09501,+91 080 22289999,+55 (12) 3923-5566,bruce93@example.org,8515915
6609461,Robin,Gonzalez,,"4, Rue Milton",West Ericfurt,,Belgium,60762,+351 (213) 466-111,,millerjacob@example.org,8515915
2191037,Jennifer,Bates,,113 Lupus St,New David,,Portugal,60339,+1 (775) 223-7665,,justinmiller@example.org,8515915
3137408,Tammy,Jones,,8210 111 ST NW,South Lisa,,USA,79938,+1 (608) 257-0597,,gday@example.org,8515915
4795263,Bianca,Glover,,696 Osborne Street,West Kelly,New Jersey,Portugal,43702,+1 (407) 999-7788,,sknox@example.org,8515915
16300520,Wayne,Hebert,,5112 48 Street,Hollystad,Wisconsin,USA,06851,+1 (617) 522-1333,,sarawalker@example.org,8515915
13892253,Ronnie,Carter,Banco do Brasil S.A.,302 S 700 E,Lawrencetown,,Germany,81719,+31 020 6223130,,jonesthomas@example.net,8515915
9083682,Brett,Wood,,Tauentzienstraße 8,Port Stephanie,Wisconsin,USA,95789,+1 (416) 363-8888,,jeffrey93@example.com,8515915
14237751,Luke,Carr,,"4, Rue Milton",North Jennaville,,USA,62117,+1 (212) 221-3546,,anthonylewis@example.net,8515915
12804688,Jamie,Valdez,,Barbarossastraße 19,West Christinahaven,Maine,France,83070,+1 (817) 924-7272,,paigeknight@example.com,8515915
13553361,Jasmine,Rowe,,541 Del Medio Avenue,Daviestown,Washington,France,55554,+55 (11) 3033-5446,,dianeestrada@example.org,1395950
3381229,Brian,Cox,Embraer - Empresa Brasileira de Aeronáutica S.A.,"8, Rue Hanovre",Lutzfort,,United Kingdom,92360,+1 (514) 721-4711,+1 (212) 221-4679,kellyalison@example.org,1395950
11824030,Gerald,Herman,,Rua da Assunção 53,North Rodney,Indiana,Spain,07846,+420 2 4177 0449,+55 (11) 3033-4564,mary68@example.org,1395950
7876060,Alison,Norris,Apple Inc.,Tauentzienstraße 8,Gregoryside,Montana,Brazil,93354,+91 080 22289999,+55 (12) 3923-5566,sjackson@example.org,1395950
5929462,Devin,Stanley,,"Rua Dr. Falcão Filho, 155",Rayburgh,,USA,28355,+1 (801) 531-7272,,kimberly21@example.com,1395950
8209349,Jamie,Ortiz,,Grétrystraat 63,West Christianmouth,South Carolina,USA,27643,+1 (312) 332-3232,,austinjacqueline@example.net,1395950
3211757,Matthew,Campbell,,541 Del Medio Avenue,Tonyabury,,France,63449,+1 (408) 996-1010,,rfrost@example.org,1395950
8144628,Edward,Dawson,,700 W Pender Street,Riveraton,,Portugal,81435,+1 (650) 644-3358,,johnzhang@example.org,10952083
12405440,Megan,Lopez,,230 Elgin Street,South Michaelport,Illinois,India,57485,+43 01 5134505,+55 (11) 3055-8131,freemantimothy@example.com,10952083
9502708,Anthony,Harris,Embraer - Empresa Brasileira de Aeronáutica S.A.,110 Raeburn Pl,South Andreabury,Colorado,Chile,75930,+55 (12) 3923-5555,+1 (408) 996-1011,tammyhale@example.org,10952083
268837,Timothy,Peterson,,Qe 7 Bloco G,East Nicholas,New Mexico,France,24222,+1 (650) 644-3358,,uwood@example.net,1198549
13238283,Angela,Irwin,,1033 N Park Ave,Lake Kevin,,Spain,35116,+55 (11) 3055-3278,,mariachavez@example.org,1198549
12438991,Ashley,Russo,,1498 rue Bélanger,Armstrongmouth,Nebraska,France,18092,+1 (408) 996-1010,,hernandezjimmy@example.org,1198549
6092778,Lisa,Hansen,Apple Inc.,796 Dundas Street West,East Stephanieburgh,Pennsylvania,Brazil,43397,+91 080 22289999,+55 (12) 3923-5566,harperkyle@example.com,1198549
15605194,Jeffrey,Fox,,Berger Straße 10,East Ronaldmouth,,USA,28471,+1 (867) 920-2233,,tamaramueller@example.com,1198549
6164410,Tracy,Smith,,Grétrystraat 63,West Christinebury,Alaska,USA,13382,+1 (617) 522-1333,,bmartin@example.net,1198549
10948426,Julia,Green,,"Av. Brigadeiro Faria Lima, 2170",Tiffanymouth,,France,14101,+1 (650) 253-0000,,kpeterson@example.com,1198549
9039104,Johnny,Morrison,,Tauentzienstraße 8,New Johnberg,Florida,France,91831,+1 (650) 644-3358,,sydney31@example.org,3127000
1001941,Carol,Adams,,230 Elgin Street,Williamsberg,Maine,United Kingdom,15936,+55 (61) 3363-5547,,bdickerson@example.org,3127000
1356729,Anna,Norton,,"Calle Lira, 198",Wiseview,,France,19143,+1 (407) 999-7788,,jacksonelizabeth@example.org,3127000
170790,Danielle,Moore,Apple Inc.,Porthaninkatu 9,Blairview,Wisconsin,Brazil,88644,+91 080 22289999,+55 (12) 3923-5566,dean64@example.org,3127000
5443564,Derek,Ramsey,,"Via Degli Scipioni, 43",Potterton,,USA,44443,+1 (817) 924-7272,,donaldorozco@example.com,3127000
4449382,Lauren,Brown,,"Via Degli Scipioni, 43",Henryshire,,USA,54407,+1 (817) 924-7272,,nancy45@example.com,3127000
4198614,Alexandria,Lee,,Berger Straße 10,North Paula,Tennessee,France,22536,+453 3331 9991,,mayoisaac@example.net,3127000
16357743,Keith,Armstrong,,230 Elgin Street,Krystalton,Oregon,Poland,62457,+1 (425) 882-8080,,mejiaadam@example.com,3127000
236806,Stephanie,Hanna,,"8, Rue Hanovre",Penabury,,USA,45310,+1 (520) 622-4200,,stricklandjoshua@example.com,3127000
13207143,Kathleen,Wells,,113 Lupus St,North Kimberly,Georgia,Norway,96887,+33 01 49 70 65 65,,iweaver@example.org,3127000
15029334,Katie,Koch,,801 W 4th Street,East Eric,,USA,16564,+33 01 49 70 65 65,,stephaniemiller@example.org,3127000
10911195,Connie,Kramer,,Porthaninkatu 9,Sarahview,Florida,France,52897,+1 (312) 332-3232,,rothjessica@example.com,3127000
4146896,Charlene,Harris,,"9, Place Louis Barthou",East Kathleenstad,,Portugal,42618,+1 (775) 223-7665,,nochoa@example.org,3127000
1574597,Kaylee,Chung,,162 E Superior Street,Collinville,,France,75106,+1 (775) 223-7665,,yreynolds@example.com,12955650
14537719,Mary,Ward,,302 S 700 E,Lake Haroldmouth,Iowa,Sweden,13046,+453 3331 9991,+55 (11) 3055-8131,joshuachen@example.org,12955650
8523129,Christina,Spencer,,627 Broadway,North Stefanie,,Portugal,28579,+1 (775) 223-7665,,tstewart@example.org,12955650
6215195,Michael,Howell,Google Inc.,3 Chatham Street,South Sergio,Utah,Brazil,53576,+91 080 22289999,+55 (12) 3923-5566,brandon10@example.net,12955650
350605,Jonathan,Archer,,302 S 700 E,Teresaborough,Virginia,Denmark,69948,+49 069 40598889,,victoriaphelps@example.org,12955650
8333301,Nicholas,Ellis,,1 Microsoft Way,Suzanneland,Missouri,France,09118,+1 (775) 223-7665,,wreynolds@example.net,12955650
934545,Michelle,Bridges,,801 W 4th Street,New Desiree,New Hampshire,Finland,77702,+1 (650) 644-3358,,ipayne@example.org,14517453
15071169,Cindy,Mitchell,,230 Elgin Street,Parrishborough,Georgia,Finland,45551,+1 (425) 882-8080,,lcarson@example.com,15656527
4986926,Yolanda,Fox,Embraer - Empresa Brasileira de Aeronáutica S.A.,1 Infinite Loop,Perrystad,New Jersey,Argentina,12372,+420 2 4172 5555,+1 (408) 996-1011,smithgary@example.org,15656527
12661736,Angela,Richards,,Grétrystraat 63,Donnafort,Arkansas,France,92516,+1 (407) 999-7788,,cindy63@example.org,15656527
12960553,Kenneth,Kelly,Apple Inc.,202 Hoxton Street,New Ronniestad,,Brazil,26720,+91 080 22289999,+55 (12) 3923-5566,jessica64@example.org,15656527
14296954,Michael,Hernandez,,Barbarossastraße 19,Louishaven,,USA,45790,+1 (520) 622-4200,,jameswilliams@example.net,15656527
1243528,John,Moore,,Ordynacka 10,West Josephfurt,Alaska,France,73428,+1 (608) 257-0597,,carolfreeman@example.com,15656527
8835291,James,Marshall,,Berger Straße 10,South Jennifer,,France,86158,+1 (650) 644-3358,,aaron34@example.org,15656527
1009017,Sarah,Smith,,"Via Degli Scipioni, 43",Lisashire,Georgia,Canada,43247,+353 01 6792424,,sstevens@example.com,475780
9215912,Carlos,Johnston,,Ordynacka 10,Williamsburgh,New Jersey,USA,26612,+33 04 78 30 30 30,,kcarpenter@example.net,475780
9291465,Megan,Floyd,,113 Lupus St,Meganville,,Czech Republic,26715,,,rfrazier@example.org,475780
13558054,Donald,Coleman,Embraer - Empresa Brasileira de Aeronáutica S.A.,"4, Rue Milton",Bridgetburgh,Idaho,United Kingdom,34757,+420 2 4177 0449,+1 (408) 996-1011,kristenhernandez@example.net,475780
1787263,Jorge,Garcia,,194A Chain Lake Drive,Lake Annette,Alaska,Denmark,50711,+49 030 2141444,,daviladalton@example.com,475780
194567,Amanda,Estrada,,Barbarossastraße 19,Lake Jessica,,Denmark,08426,+49 069 40598889,,danielcunningham@example.net,475780
9438228,Allison,Richardson,,Celsiusg. 9,Ryanview,Florida,Austria,22037,+49 030 2141444,,zmartinez@example.com,475780
2638331,Jennifer,Massey,,627 Broadway,Maryburgh,,USA,98541,+1 (867) 920-2233,,owood@example.com,475780
13140116,Emily,Avery,,"8, Rue Hanovre",Gonzalesport,,USA,73269,+49 030 26550280,,brownveronica@example.com,475780
11252859,Michael,Cummings,,1 Microsoft Way,Jillfurt,Virginia,India,75448,+453 3331 9991,+55 (11) 3033-4564,nicole68@example.org,475780
8221746,Pamela,Huff,,627 Broadway,South Matthewmouth,Idaho,Hungary,21161,+1 (650) 644-3358,,syoder@example.net,15750564
16361114,Brenda,Rodriguez,,302 S 700 E,Beanland,Nevada,Netherlands,53218,+55 (11) 3055-3278,,dorothy68@example.org,15750564
